Estimate Total Population,Male Estimate Total,Male Margin od Error Total,Estimate Total Income,Estimate Mean income (dollars),Margin of Error Mean income (dollars),Estimate Margin of Error Total,Estimate Total Insured,Margin of Error Total Insured,Estimate Total Uninsured,Margin of Error Total Uninsured,Estimate Total Poverty,Margin of Error Total Poverty,Estimate Below Poverty,Margin of Error Below Poverty,Population
4785298,2322243,4446,1815152,10938,65730,880,4702769,1669,686592,17082,4666970,2567,888290,22673,4802740
713985,372436,1772,254610,2804,93329,2957,689249,1872,136840,7333,696822,1573,69279,6120,722718
6413737,3190700,2757,2334050,12895,71580,930,6310174,2001,1065132,21655,6272686,3673,1094249,33633,6482505
2921606,1430837,4306,1114902,8104,61359,1099,2867611,1672,500613,15221,2839798,2045,534898,16599,2937979
37349363,18570505,5032,12406475,16820,88178,521,36815569,4634,6824913,55568,36593372,8519,5783043,74336,37691912
5049071,2531362,3639,1960585,9151,86004,1116,4956873,2211,789109,22458,4934178,2454,659786,23009,5116796
3577073,1738918,1627,1358809,7109,108218,1616,3519913,989,320133,11328,3466977,2302,350145,15842,3580709
899769,436608,1451,328765,4178,84491,2420,885232,820,85801,7028,874321,1107,103427,8098,907135
604453,285729,795,252388,3730,121027,5305,594282,401,45164,3871,570953,564,109423,7577,617996
18843326,9212548,5887,7035068,25739,72079,660,18534081,4456,3941060,49984,18436788,6230,3047343,41603,19057542
9712587,4742754,6636,3482420,15694,72446,563,9519836,3059,1875566,34875,9446906,4877,1688932,36955,9815210
1363621,684087,1583,445812,4223,90072,1796,1315677,2309,103764,6173,1326373,1510,142185,9627,1374810
1571450,787506,2645,576709,5739,64759,1241,1551635,954,275404,10722,1541860,1275,242272,10788,1584985
12843166,6294434,5283,4752857,13579,84494,684,12673245,2432,1745556,26502,12543457,3191,1731711,31915,12869259
6490621,3197124,3805,2470905,11185,68429,588,6391470,950,947920,19803,6294417,3609,962775,25003,6516922
3049883,1505879,3896,1223439,6610,73114,919,3004885,571,279811,9754,2950251,2192,370507,13924,3062309
2859169,1417134,3693,1101658,6952,75190,1123,2804461,1848,389446,12132,2775355,2167,377530,15414,2871238
4346266,2140493,4037,1684348,9801,64281,868,4242714,4353,647041,15841,4215643,2986,800226,20902,4369356
4544228,2227014,4151,1689822,9615,69092,1024,4440314,1830,790987,18377,4413890,3449,825144,21101,4574836
1327567,648889,1474,545417,5576,70473,1390,1313037,991,133065,6281,1293012,1146,167242,7702,1328188
5785982,2799597,3400,2127439,8728,104164,1218,5687998,2852,640861,16506,5643821,3530,557140,21050,5828289
6557254,3170167,2392,2520419,10488,100712,1111,6478067,1529,285717,13613,6333611,2630,725143,21471,6587536
9877574,4848760,3767,3806621,12287,70883,460,9763683,1209,1207384,20391,9656449,3934,1618257,30260,9876187
5310584,2635397,3097,2091548,8178,84946,934,5252092,680,476259,13399,5189200,2281,599516,15022,5344861
2970036,1441525,4150,1079999,8323,58584,899,2902907,1467,528095,15479,2875594,2515,643883,22452,2978512
5996231,2932383,4144,2350628,10288,71266,830,5879864,2130,773894,16408,5817852,2620,888570,21761,6010688
990898,499235,2028,402747,4175,67131,1749,975562,1190,168981,7243,964509,2420,140969,9640,998199
1830429,906540,2253,719304,4689,74215,1303,1802049,954,207653,6981,1776166,2053,229923,11823,1842641
2704642,1365498,2352,989811,6963,74278,1376,2668966,1868,603700,15698,2666662,1598,398027,20092,2723322
1316759,647349,1875,515431,4523,89864,1732,1302639,468,145013,8709,1276614,1142,105786,8064,1318194
8801624,4284049,2455,3172421,11815,106125,959,8693541,1177,1151158,20359,8626524,2857,884789,24939,8821155
2065932,1020996,2983,765183,5603,66508,1259,2032699,1222,398558,13759,2024716,1715,413851,19768,2082224
19392283,9387534,4174,7196427,16507,91447,742,19134281,2566,2277382,35303,18879810,5820,2821470,46759,19465197
9561558,4657156,7691,3670859,14413,69114,665,9360661,4149,1569837,28195,9304553,3703,1627602,29606,9656401
674499,343445,1580,280412,3191,75754,1831,660611,725,64535,4630,651415,600,84895,5668,683932
11536182,5630118,4606,4525066,15956,70653,445,11358640,5507,1398943,26821,11224969,4110,1779032,32237,11544951
3761702,1856245,4017,1432959,7544,65945,798,3677206,1908,693551,12664,3646849,2289,616610,15751,3791508
3838957,1902185,3522,1507137,8164,71966,941,3799107,882,651504,16257,3765919,2565,596408,17283,3871859
12709630,6192105,4822,4936030,14212,79150,575,12506000,1361,1271180,24993,12298955,4096,1648184,29243,12742886
1052886,508198,1277,402295,4265,85213,2380,1036743,1079,126184,7290,1012200,827,142188,9018,1051302
4636312,2253035,4319,1761393,10691,66125,862,4536835,2329,795275,19414,4493865,3196,815755,22461,4679230
816463,411170,2367,318955,3470,72270,2066,798141,664,98886,6890,788226,1027,113760,7599,824082
6356897,3095030,5512,2440663,12796,67011,836,6259546,1957,898561,22130,6195120,3574,1095466,29085,6403353
25257114,12531720,7396,8738664,20291,75506,511,24779450,4528,5875474,56139,24652927,7949,4414481,53320,25674681
2776469,1397849,2069,880025,4985,75582,1068,2750354,1102,421924,16477,2730176,1935,359242,14693,2817222
625960,308172,1012,256922,2727,77453,2123,619886,304,49880,4145,600850,1125,76352,5250,626431
8024617,3941957,5811,2992732,14604,94262,887,7807416,5241,1020130,21458,7780635,2803,861969,22046,8096604
6744496,3358423,3276,2606863,9745,83679,970,6638081,3035,945589,23457,6615922,2965,888718,27270,6830038
1853973,913160,2808,741940,5724,60523,1202,1823372,786,266161,10271,1799960,1852,326507,13020,1855364
5691047,2826199,3414,2279532,9375,74705,668,5613402,872,529200,13567,5535803,3152,731479,17834,5711767
564460,287053,2431,222803,3575,79216,3858,555010,816,82836,5993,551120,851,61577,6480,568158
3722133,1785266,2651,1319448,9440,32220,655,3695636,871,296939,10199,3685731,1892,1659792,21557,3706690
4802740,2324413,5329,1844546,11416,67424,947,4720067,2155,673964,18951,4687363,2037,892483,23804,4822023
722718,372916,1425,257330,3380,92339,2831,699272,1868,140660,5748,706860,918,73905,5839,731449
6482505,3228514,4431,2356055,12130,72602,940,6378280,1787,1095010,27071,6336449,3861,1203501,38097,6553255
2937979,1447850,3826,1127621,7837,62656,1213,2885212,1095,492310,14878,2856663,2079,555876,17602,2949131
37691912,18750692,4823,12468743,22250,89976,512,37161789,5236,6725604,55430,36941931,7933,6118803,71852,38041430
5116796,2569136,4217,1975388,9057,88859,1097,5024885,2530,759619,19088,5002128,3154,674195,21621,5187582
3580709,1743795,1891,1351643,7309,110730,1516,3522709,1144,308945,10798,3471802,1406,377856,17034,3590347
907135,439918,939,333192,3426,87135,2494,892132,847,83995,6094,882353,1386,104831,8149,917092
617996,292283,485,268670,3200,123998,6694,608165,325,42007,4759,584583,305,109363,8006,632323
19057542,9321149,7263,7106283,31131,73821,736,18752294,3756,3911381,46513,18652057,5175,3173456,53070,19317568
9815210,4808996,7576,3494542,15336,73315,920,9619740,3609,1882758,36920,9550271,4699,1827743,40709,9919945
1374810,688600,1358,448563,5562,89653,2042,1326065,2252,94399,6265,1338543,1297,161290,12291,1392313
1584985,794914,2358,580193,6204,65418,1719,1565645,611,259094,11422,1550082,2866,255027,13229,1595728
12869259,6309308,4694,4737208,12865,85709,747,12688006,1765,1659275,29383,12566914,3774,1879965,34757,12875255
6516922,3206430,4000,2467111,11107,70821,815,6417644,1247,930829,21794,6318942,3376,1011017,27152,6537334
3062309,1512251,2950,1216765,7072,76038,1045,3017465,552,269490,9670,2963602,1740,378864,12247,3074186
2871238,1423188,2574,1101701,5567,77467,1134,2813530,1400,354630,12779,2786855,2238,383467,13367,2885905
4369356,2143745,4175,1672134,9367,66779,1049,4284357,1582,618458,14729,4238283,2995,811277,24336,4380415
4574836,2236117,4028,1702030,9725,69722,1048,4473068,1771,784015,17351,4445400,3107,908375,21304,4601893
1328188,651076,1884,552051,5238,72893,1755,1314121,520,140165,6842,1291650,1998,182448,8462,1329192
5828289,2820212,3160,2134517,9936,105683,1178,5736588,2191,598444,19787,5685412,3670,571887,19719,5884563
6587536,3187794,2018,2532067,9349,103250,1378,6507596,1342,276940,14137,6367148,1879,738514,23459,6646144
9876187,4848677,3272,3772433,14208,73707,508,9762306,764,1149911,21410,9656260,2885,1693294,28336,9883360
5344861,2656471,3274,2096477,7824,87875,801,5286728,677,467433,12099,5222556,2179,621970,17360,5379139
2978512,1446634,4222,1080991,8431,60294,1100,2911811,1630,516413,15343,2884215,2100,650524,20706,2984926
6010688,2945756,4369,2341074,10807,73106,949,5898968,1584,807414,19295,5831530,3022,920118,22609,6021988
998199,500311,1724,404250,4567,67968,1699,983214,886,179575,6919,974025,1203,144054,8962,1005141
1842641,912496,2903,723800,4514,78949,1832,1814388,1030,207094,7849,1789275,1651,234710,10211,1855525
2723322,1372750,2376,982352,9598,73824,1806,2686989,2047,588794,20346,2684536,3072,426741,20552,2758931
1318194,651060,1847,516454,4150,92679,2182,1303868,471,136922,5971,1279118,1056,112715,8386,1320718
8821155,4298542,2384,3167629,9918,107202,939,8712982,1438,1139104,22722,8646606,2810,897376,24537,8864590
2082224,1036558,2872,767285,6715,68653,1924,2047242,1765,406184,13699,2042530,1334,439914,17336,2085538
19465197,9438007,3858,7187938,18167,92816,789,19208419,2296,2195349,32685,18954044,4586,3027342,42152,19570261
9656401,4687843,7014,3683364,19202,71787,748,9461018,4189,1544907,30348,9406091,3155,1680963,36728,9752073
683932,343944,1591,283440,2528,80808,2320,669425,795,65448,4530,660473,614,80882,5567,699628
11544951,5641528,4404,4538555,15280,73455,597,11369102,1441,1354431,24533,11234071,3988,1845800,35067,11544225
3791508,1877843,3361,1442731,7338,69167,853,3710368,1361,693545,15014,3678924,1966,633298,18126,3814820
3871859,1914116,3146,1516979,8379,73674,1087,3832640,865,602377,15251,3794213,3419,662283,20527,3899353
12742886,6216838,4073,4937333,13801,81003,541,12539757,1068,1264548,23247,12328566,3511,1695996,36138,12763536
1051302,508396,1139,412259,3948,86521,2483,1035117,804,111834,7182,1009941,1191,148819,8909,1050292
4679230,2274282,4993,1768834,12783,67326,994,4579231,2414,766304,19103,4538298,2536,856938,22008,4723723
824082,410505,2116,323215,3255,73401,1889,805505,1055,95908,5030,794872,1326,110681,6608,833354
6403353,3118951,5288,2467428,12592,68946,830,6302351,2349,922650,18803,6246380,2905,1142299,29429,6456243
25674681,12741162,7835,8850370,21114,78360,569,25197453,4761,5789846,58601,25071125,8108,4628758,63020,26059203
2817222,1417639,2703,884253,5722,77561,1246,2789648,1314,426064,14912,2771344,2149,374859,19403,2855287
626431,308393,1059,257358,2656,80872,2272,620159,306,41209,3238,601236,821,69075,4730,626011
8096604,3978779,6842,2990650,13887,97107,881,7887164,4700,982861,20253,7854282,3214,905914,25152,8185867
6830038,3408061,4042,2632621,9876,86290,914,6716822,3208,952630,19050,6687073,3909,929258,23388,6897012
1855364,914474,3200,735408,6147,64488,1847,1826485,271,272287,10237,1802655,2209,334885,13958,1855413
5711767,2835132,3485,2275352,8388,77531,742,5634063,895,506674,13395,5554349,4117,725797,20946,5726398
568158,289416,1930,222539,3310,79554,2909,558832,750,85831,6032,554314,926,62629,5598,576412
3706690,1770224,2797,1256151,8804,32063,705,3680339,638,280641,12928,3672090,1830,1673610,27123,3667084
4822023,2336291,3772,1845169,11483,68525,778,4741698,1677,632499,16621,4706978,2160,892564,20244,4833722
731449,381094,1702,251651,2883,95924,2726,708946,1546,145288,7233,715608,613,72400,5190,735132
6553255,3260687,2638,2392168,11611,74275,834,6443654,1631,1130959,26823,6401273,3092,1194506,25758,6626624
2949131,1449265,3205,1143859,7351,64235,1074,2896297,1039,476310,10579,2865098,2160,568065,16759,2959373
38041430,18917773,4374,12552658,18433,91046,430,37524274,5678,6709586,51970,37303266,7131,6325319,64334,38332521
5187582,2601370,3232,1996088,8553,90152,1046,5094766,2656,751244,19632,5069071,2557,694842,20406,5268367
3590347,1749806,1927,1357812,6453,114025,2169,3534619,1149,321972,11233,3484178,1411,372390,14270,3596080
917092,444691,881,340308,3122,86132,1979,902915,849,79894,5924,890738,1221,107307,7877,925749
632323,299036,318,266662,3138,129347,6674,621380,727,36854,3393,598151,630,108732,7746,646449
19317568,9441001,6373,7197943,25102,75292,582,19011070,3625,3815840,36143,18912479,5600,3238581,49032,19552860
9919945,4851053,6551,3532908,15691,75450,679,9719411,3607,1792319,29647,9652596,3256,1848533,37552,9992167
1392313,701196,1123,447748,4282,92346,1682,1341708,2427,92338,5916,1356822,1094,157243,9661,1404054
1595728,798712,2934,583106,5317,67369,1625,1575682,687,254743,9166,1565511,1631,248494,13813,1612136
12875255,6316653,4276,4770194,13140,88826,686,12698371,1130,1622465,21898,12573676,4182,1850562,32138,12882135
6537334,3217145,3678,2480077,10833,72072,633,6437142,986,919866,19760,6342423,3178,990325,21187,6570902
3074186,1524107,3514,1227048,6132,77465,867,3028864,500,254275,9879,2974225,2122,377484,13405,3090416
2885905,1434617,2912,1113911,5555,79648,1230,2825416,2092,355564,9981,2802207,2002,391734,12565,2893957
4380415,2154939,3541,1707004,8109,67293,771,4292718,1736,595460,14279,4247103,3119,823197,22937,4395295
4601893,2248888,4274,1719473,9205,71928,1022,4498884,1484,759627,16436,4471142,2830,891981,23215,4625470
1329192,650714,1896,554543,4451,73506,1407,1315703,427,134709,6886,1293457,1275,189786,9666,1328302
5884563,2849291,2636,2157717,7667,108034,959,5788196,2269,597554,15822,5744445,2780,590803,19639,5928814
6646144,3219753,2324,2522394,9088,107088,1171,6566851,897,254295,11033,6414762,2601,762645,18273,6692824
9883360,4851429,3886,3819068,10789,75349,529,9772550,789,1114321,15031,9663760,3870,1685178,30444,9895622
5379139,2670741,3022,2111943,6274,91409,909,5319783,751,424662,11361,5257443,1790,598371,17622,5420380
2984926,1442072,3816,1090521,7826,61606,1211,2918405,1292,497510,10565,2890890,1973,698252,22688,2991207
6021988,2953591,4454,2359135,11280,73351,818,5908769,1421,801380,18914,5838008,3872,947792,20935,6044171
1005141,503458,1842,408938,3977,73329,2007,989823,845,178412,5944,980594,1227,152199,8004,1015165
1855525,923099,1803,733570,4667,77606,1039,1826832,904,205607,8316,1800904,1635,233973,10768,1868516
2758931,1391864,1827,1006605,7913,74437,1495,2723965,1559,603425,16624,2718565,3392,446840,19216,2790136
1320718,648288,1796,519137,4650,94164,1843,1306026,548,138842,7993,1280027,1345,128466,10865,1323459
8864590,4321436,2448,3198799,8893,109594,1057,8756542,1146,1112809,27126,8691673,2911,934943,22315,8899339
2085538,1034877,2603,764996,5964,67081,1309,2051805,1427,377986,9943,2044778,1740,426245,13843,2085287
19570261,9485872,4452,7238922,16375,94367,727,19316728,2028,2102909,29752,19064064,4156,3025016,36603,19651127
9752073,4751047,5464,3731325,14347,72572,693,9552529,3461,1582240,26207,9498993,3156,1713132,31019,9848060
699628,357591,1433,290944,2708,88627,2503,684776,917,68524,4779,674852,714,75703,4270,723393
11544225,5642634,4379,4554672,11606,75603,681,11371766,1352,1304247,21906,11227482,4488,1824628,28992,11570808
3814820,1889807,2673,1446667,5298,70924,1147,3733058,1692,685076,11567,3699653,1970,637429,14041,3850568
3899353,1932789,3361,1516957,7216,75817,1061,3860452,927,576009,16819,3826398,2672,658359,22218,3930065
12763536,6229333,3651,4958249,11531,83372,548,12559315,1121,1224649,20104,12353867,3236,1693285,30788,12773801
1050292,506835,1355,413083,3010,88306,2360,1034895,650,114865,6125,1010449,885,138907,8499,1051511
4723723,2295781,4676,1787340,9096,68699,871,4623171,2221,778181,18715,4585454,2040,837770,22603,4774839
833354,417803,1674,323765,3111,75013,2042,816425,682,94133,5097,804310,815,107846,5355,844877
6456243,3144756,4329,2480090,11146,70434,806,6354629,2073,882120,20014,6295994,3016,1129330,27122,6495978
26059203,12945218,7615,8970959,21541,80319,489,25584499,3960,5762358,53910,25450518,6257,4562352,58642,26448193
2855287,1435028,2086,895691,5044,79892,1302,2829001,909,409171,14030,2806020,2814,360017,18926,2900872
626011,309184,980,258520,2853,82408,2045,619928,318,40053,3029,601611,741,71084,4549,626630
8185867,4015045,6243,3038967,13344,97987,690,7973466,4199,999735,20819,7936903,2853,931805,22863,8260405
6897012,3441429,2785,2636817,10074,88769,829,6793078,2904,944771,20524,6761934,3299,915278,30419,6971406
1855413,911681,2937,741544,5473,64479,1347,1826512,259,263809,8531,1801131,2144,320055,13000,1854304
5726398,2842737,3446,2288362,8293,79660,743,5652085,607,505998,13496,5573134,3298,737356,16981,5742713
576412,292736,1854,223513,2812,80488,2561,567082,836,87084,5765,561445,1473,71019,6087,582658
3667084,1757273,2739,1263694,9111,32805,674,3641762,450,263111,11071,3633892,1704,1632533,27010,3615086
4833722,2341869,4937,1822439,11200,70447,900,4755381,1814,645435,16823,4716105,2548,883371,20758,4849377
735132,386404,1948,246015,2720,101544,3206,712248,1963,131986,7152,718359,1166,67016,4778,736732
6626624,3298086,2142,2400809,11557,76117,1010,6521226,1734,1118186,24489,6477191,3417,1206460,32132,6731484
2959373,1461544,4406,1125899,6925,65578,1061,2907014,1233,464950,13520,2873340,3117,565469,16418,2966369
38332521,19072246,4878,12650592,16944,95232,490,37831553,5167,6500179,57140,37593091,8648,6328824,64631,38802500
5268367,2645976,3935,2002800,8550,93036,1023,5173272,2685,729188,17591,5151461,2077,667446,21463,5355866
3596080,1751883,2326,1339860,7005,118345,2037,3541409,1156,332503,14330,3485353,2242,373900,14722,3596677
925749,447789,1076,339071,3144,89016,2278,911502,1114,83284,5969,900322,1123,111327,9589,935614
646449,306147,576,271651,3228,126862,6095,635833,581,42295,3751,611788,780,115551,7400,658893
19552860,9565609,6671,7211584,26752,76713,603,19245127,3839,3852963,43064,19129950,7199,3253333,61090,19893297
9992167,4879034,7527,3546965,15286,77789,740,9800887,3675,1846305,29601,9720914,4997,1843768,35778,10097343
1404054,710917,1599,450120,4406,97904,2151,1345168,3281,90755,5676,1367662,1488,148368,10323,1419561
1612136,810879,2561,588489,5467,70027,1571,1592172,685,257475,12196,1582911,1262,246550,15129,1634464
12882135,6326778,4846,4783421,13914,92356,781,12704616,1398,1618204,26639,12576680,3928,1845393,34145,12880580
6570902,3228884,4840,2498395,10688,74596,907,6471551,786,902911,18953,6367890,3100,1015127,24249,6596855
3090416,1528770,3597,1236209,7287,82025,1235,3045284,750,247717,8562,2991670,1604,379127,13393,3107126
2893957,1440481,3429,1113729,6143,82863,1823,2836733,1635,348097,11646,2811722,2188,393358,17298,2904021
4395295,2163067,4037,1705623,9376,70000,1057,4312100,1403,616448,14144,4266556,2510,800635,19947,4413457
4625470,2256464,4818,1728149,9677,74454,1034,4522910,1435,751323,16791,4494989,2903,888019,24140,4649676
1328302,649994,1818,547686,5711,74950,1653,1314191,575,147015,7214,1293827,1147,180639,8805,1330089
5928814,2875157,3002,2161680,8942,111628,1184,5834039,2085,593178,17122,5788159,2967,585571,19629,5976407
6692824,3245774,2251,2536321,9232,109890,1156,6613654,1154,246666,10384,6456530,2610,770513,23021,6745408
9895622,4858138,3600,3832466,10485,77747,649,9784451,851,1071521,19023,9669513,4111,1648436,25647,9909877
5420380,2690694,4169,2119954,6871,93216,1025,5362681,492,439779,13984,5292348,2336,592422,16554,5457173
2991207,1451232,5443,1091002,7807,61720,1051,2925211,1208,499849,16001,2893768,2850,695915,21951,2994079
6044171,2960402,4817,2362853,9949,75392,864,5930677,1536,772833,18341,5861009,3082,931066,25159,6063589
1015165,507018,2006,406288,3840,76361,2089,999390,857,164548,7714,990603,976,163637,9336,1023579
1868516,925274,2103,730579,4441,81433,1213,1840659,988,208578,9171,1815565,1350,239433,11539,1881503
2790136,1403068,2051,1002571,7173,76978,1545,2757207,1123,570079,16823,2750476,2092,433576,18630,2839099
1323459,652662,1978,519246,4617,96438,2380,1308658,377,140252,6956,1281181,1408,111495,9003,1326813
8899339,4343749,2597,3176139,9966,113025,1085,8791652,1201,1160294,21506,8721010,3187,998549,28143,8938175
2085287,1034144,2457,753507,6087,70661,1442,2051900,1154,382440,13266,2045402,1557,448461,14432,2085572
19651127,9536179,4556,7219356,14194,98773,825,19400069,2026,2069521,30441,19133973,5745,3055645,41913,19746227
9848060,4795976,7164,3757480,13443,75719,733,9645320,3881,1508998,26466,9588277,3839,1715397,30951,9943964
723393,369155,2070,298298,2835,91184,2113,708181,783,73299,5510,698199,719,82398,5117,739482
11570808,5658223,4313,4564745,13440,78384,672,11398298,1524,1257556,21001,11248753,4641,1796942,35664,11594163
3850568,1906922,3202,1447277,6526,72908,877,3770254,1443,665773,12806,3735207,2100,626906,13621,3878051
3930065,1946196,3457,1523799,7789,78773,1223,3893092,601,570882,15195,3852871,2320,642138,19715,3970239
12773801,6243308,3926,4938894,14403,86481,661,12569375,1134,1222405,22289,12353256,3882,1690405,39229,12787209
1051511,512999,1419,406366,4030,92001,3182,1036046,798,120460,7024,1010827,1740,144446,9182,1055173
4774839,2321179,4144,1794989,10191,69898,951,4678122,1962,738852,18271,4631801,2952,860380,21666,4832482
844877,424160,1916,331406,2992,77110,1847,827039,886,93326,5407,815049,1215,115454,6396,853175
6495978,3174148,4739,2490249,12758,73274,702,6394644,1872,886662,19503,6335295,3095,1126772,24666,6549352
26448193,13145494,8622,9110853,20640,83479,542,25976562,4689,5748167,54720,25834229,6476,4530039,65158,26956958
2900872,1458758,2380,899475,5032,83170,971,2874213,958,402124,13201,2851587,2386,361181,15958,2942902
626630,308672,1386,253234,2792,85480,3002,620896,121,44904,3867,602538,524,74058,5273,626562
8260405,4060533,5474,3055863,11608,100149,886,8054191,4117,990626,22364,8010544,3323,938733,25914,8326289
6971406,3475830,3303,2644557,11069,91304,1074,6864149,3132,959991,21527,6836262,3828,967282,26419,7061530
1854304,916834,2422,738653,5969,66169,1490,1824821,505,255069,9707,1798266,1983,332347,12755,1850326
5742713,2855502,3237,2289424,8727,81109,841,5669266,705,517796,13745,5593197,2530,755551,17896,5757564
582658,297497,2320,224003,3223,82527,2091,573210,764,77028,5016,569307,563,62039,5844,584153
3615086,1729120,3404,1253690,9187,33638,824,3588641,531,229395,11114,3581841,2112,1626879,25081,3548397
4849377,2347969,5243,1841217,10615,70962,924,4767383,1932,579169,17159,4727549,2783,910175,25515,4858979
736732,385582,1999,249659,2978,98975,2717,711541,1618,122436,6141,717723,893,80627,6821,738432
6731484,3342946,2452,2428743,11353,78549,963,6623074,1740,903328,18176,6573369,3679,1199061,26607,6828065
2966369,1456778,4252,1131288,8373,68411,1546,2914376,756,343171,12887,2882856,1835,543882,15436,2978204
38802500,19264457,4495,12758648,18835,98670,466,38297457,5321,4766711,47494,38060228,7073,6259098,64461,39144818
5355866,2692599,3357,2039592,7530,96931,1273,5266022,2396,542611,15546,5237149,2559,630786,21138,5456574
3596677,1754116,1816,1355817,6673,121975,1752,3541282,1220,245399,10937,3485629,1870,374772,16369,3590886
935614,454005,925,349743,3705,91131,2862,920930,554,71597,6216,909611,1367,113508,7940,945934
658893,312633,686,277378,3304,125324,4501,647966,509,34188,4384,624327,573,110666,7793,672228
19893297,9722228,6892,7328046,25793,79196,626,19583357,3419,3245161,43047,19470210,6164,3211615,59681,20271272
10097343,4921939,6161,3587521,13961,79611,807,9906878,3443,1568381,28372,9823859,5286,1797969,39080,10214860
1419561,717313,1553,450769,4870,96672,2353,1367770,2267,72111,5321,1379804,1532,156729,10340,1431603
1634464,817050,2782,591587,4733,74539,2144,1612889,1331,218707,11098,1603083,1505,237981,11550,1654930
12880580,6320605,4324,4772421,12392,94388,843,12702393,1320,1237926,21565,12571848,5001,1804535,31908,12859995
6596855,3243979,5121,2502739,10912,76177,791,6498029,543,775884,21916,6391460,3622,974218,25464,6619680
3107126,1544801,3400,1241471,6257,83934,1272,3062900,1029,188885,8142,3004857,1994,367816,14237,3123899
2904021,1444945,3648,1109280,6429,85220,1281,2845414,1780,291474,10608,2821431,1822,382712,13369,2911641
4413457,2174158,3527,1712094,8632,70377,897,4328524,1238,366062,10870,4275359,3071,817542,22333,4425092
4649676,2272116,3972,1718194,10232,76002,1106,4547572,1845,671753,15760,4518525,2673,896524,23296,4670724
1330089,647622,1797,549841,5205,78247,1782,1315996,592,133531,7800,1294009,1312,182791,8933,1329328
5976407,2896033,2845,2165438,8230,112887,1171,5885847,2043,463268,15922,5835377,3394,589818,21635,6006401
6745408,3269679,2194,2549336,9145,115057,1157,6668348,1237,218722,8296,6509672,2466,757235,20233,6794422
9909877,4865257,3056,3834574,12574,79624,623,9798621,623,836728,18020,9686787,4096,1568844,28256,9922576
5457173,2712823,3068,2129195,6975,98701,1040,5398211,808,317257,11606,5332552,2450,611354,19609,5489594
2994079,1457828,3775,1095823,8793,64810,1167,2927088,1445,424130,13538,2895470,2092,623113,18212,2992333
6063589,2970513,3838,2354809,12290,78263,782,5950606,1614,693878,19150,5878658,2718,908628,22347,6083672
1023579,513409,1733,410962,3391,75858,1590,1008116,806,143321,6255,997952,1702,153954,7951,1032949
1881503,936197,2174,740765,3795,81074,1245,1853684,807,179206,6894,1828121,1343,227310,9475,1896190
2839099,1426744,2030,1021519,6553,76885,1386,2805532,1104,426653,14933,2800768,2077,426730,18737,2890845
1326813,654814,1601,519756,4605,101152,2041,1311921,451,120456,6828,1287504,829,117983,7687,1330608
8938175,4363391,2659,3194844,10719,115323,1145,8830969,1326,965411,18972,8762159,3378,972903,23646,8958013
2085572,1032779,2949,760916,6897,71731,1655,2050369,1333,297749,10205,2045525,1124,436153,17466,2085109
19746227,9574309,3968,7282398,15877,101025,905,19499548,2102,1696559,27877,19228524,4824,3062938,48945,19795791
9943964,4842403,6467,3790620,14716,76793,728,9752148,3509,1276054,24579,9691794,3044,1668686,32408,10042802
739482,376324,2104,305431,3533,96611,3070,724451,1000,56898,4790,712548,1044,82264,6353,756928
11594163,5676586,4591,4593172,13994,79702,654,11420809,1495,955205,19575,11276403,3595,1785780,29476,11613423
3878051,1920562,2531,1459759,5575,76315,914,3797966,1457,583512,11404,3759517,2366,623840,14892,3911338
3970239,1964293,3573,1535511,6674,82059,1007,3931306,976,382661,12691,3893475,2646,644450,21249,4028977
12787209,6253250,3783,4945972,12878,87813,648,12582815,841,1064577,20511,12371337,3870,1682212,31577,12802503
1055173,511650,1387,409654,3327,91169,2049,1039789,677,77119,5989,1015655,599,145596,9132,1056298
4832482,2351359,4607,1826914,10151,73073,960,4733742,2463,641557,17047,4691589,2682,843860,23093,4896146
853175,427381,2338,334475,2656,80950,2304,835403,736,81931,4450,824373,1078,116843,6179,858469
6549352,3190199,4846,2509665,11315,74359,959,6448737,1852,776319,19244,6386663,3638,1171307,27981,6600299
26956958,13384317,8322,9277197,22719,86136,560,26485838,3842,5047477,42745,26340247,5422,4523708,59686,27469114
2942902,1479527,2281,918370,4666,86361,1229,2916303,1341,365523,13446,2897762,1930,339900,16334,2995919
626562,308516,1131,257229,3177,83038,2649,620453,264,30716,2627,601819,882,73149,4724,626042
8326289,4092671,5531,3083820,12955,102635,839,8114884,4560,883636,22450,8080300,3250,953395,25894,8382993
7061530,3529597,3659,2679601,9916,94981,1042,6954806,3294,642654,16803,6927889,3758,913619,25464,7170351
1850326,914686,2605,735375,6298,65669,1150,1820836,500,156090,7841,1792949,2707,327764,12083,1844128
5757564,2857982,2972,2307685,7753,82515,936,5684725,564,417723,11609,5603486,2812,738270,19830,5771337
584153,297181,2369,232594,2987,85264,2666,574798,643,68748,4769,570149,749,63774,5334,586107
3548397,1704416,3135,1233490,9061,33709,781,3521353,565,216196,9274,3515261,1181,1624453,25674,3474182
4858979,2352810,5380,1846390,11341,74779,1084,4781070,1376,484271,16014,4736333,2309,876016,23918,4863300
738432,388695,1732,250185,2685,105426,3448,713082,1787,105966,5147,720765,857,74532,5835,741894
6828065,3387385,2294,2463008,12455,81103,1012,6719354,1844,727976,21202,6671705,3550,1159043,29822,6931071
2978204,1463576,3921,1144663,8300,70602,1247,2924307,1290,277547,12316,2887337,2988,550508,17473,2988248
39144818,19440558,4443,12896357,19487,101885,512,38649621,4947,3317265,33518,38398057,6625,5891678,66827,39250017
5456574,2741020,3494,2074735,7548,101461,1195,5367335,2710,432622,15117,5339618,2635,613549,20501,5540545
3590886,1752063,1923,1343703,6712,122665,1578,3537983,1086,210522,13231,3480932,2053,366909,15789,3576452
945934,458208,1047,352595,3920,93475,2358,931203,797,54498,5577,920355,878,114360,9567,952065
672228,319705,699,281787,3030,147329,10218,660682,666,24980,3934,638027,441,110500,8628,681170
20271272,9891238,6494,7463184,23147,82319,698,19960169,3766,2661549,40418,19850054,6121,3116886,47330,20612439
10214860,4975458,7577,3656407,14418,82574,872,10024056,3586,1388400,25931,9943145,3984,1694988,33156,10310371
1431603,724635,1325,445936,4817,104064,1942,1375062,2629,54531,4040,1394121,1528,147984,8530,1428557
1654930,826819,2813,597421,4571,75766,1802,1632247,1674,180345,9768,1622116,2056,245551,13820,1683140
12859995,6310435,4724,4794523,12954,97998,751,12679860,1448,900289,22221,12559422,3422,1703258,35831,12801539
6619680,3253089,4727,2515143,11611,80050,885,6520267,860,627761,17105,6417418,3611,933181,24656,6633053
3123899,1549289,3241,1247249,6782,84151,1067,3080411,489,154970,8343,3021823,2361,367414,13279,3134693
2911641,1449224,3248,1111582,6565,88461,1644,2850159,1912,260508,11938,2830943,2019,368879,13898,2907289
4425092,2174892,4384,1716168,8844,73919,952,4342711,1272,261468,10664,4290022,2851,794055,21101,4436974
4670724,2286299,5065,1737908,9569,77771,1187,4567431,2000,545631,16685,4541688,2472,889946,24422,4681666
1329328,651030,2161,545226,5325,80726,2317,1314849,684,110508,7062,1292996,1632,172620,9255,1331479
6006401,2912348,3611,2177934,7798,116057,1045,5908522,2325,389199,10972,5863290,3873,570776,21279,6016447
6794422,3297384,2458,2559951,9181,116983,1177,6718090,912,189273,9166,6558724,2955,752071,21473,6811779
9922576,4877067,3442,3858532,11041,82711,667,9810800,1072,596642,13958,9698396,3148,1529645,27659,9928300
5489594,2730030,3746,2147262,7978,99981,1034,5431894,516,245108,11415,5366594,2516,546431,16392,5519952
2992333,1448495,4178,1104371,7926,64785,1062,2927568,1491,371585,12323,2896579,1923,637128,21554,2988726
6083672,2983645,4339,2374180,11426,80946,960,5969392,1755,583108,15239,5901967,3392,875495,21660,6093000
1032949,519026,2303,414804,3749,81031,2051,1017458,835,118509,6686,1007727,1004,147287,8916,1042520
1896190,942589,2373,744159,3947,88112,1666,1866488,1069,153789,8658,1842682,1204,231321,10619,1907116
2890845,1447456,1981,1042065,7714,80300,1279,2855974,1248,350684,12115,2850472,2159,418243,18129,2940058
1330608,657716,1634,517615,4643,105754,2528,1314249,866,83388,5554,1288060,1341,106046,8442,1334795
8958013,4374892,2401,3187963,9239,118641,1038,8850415,1208,771196,21895,8781575,3097,946114,26304,8944469
2085109,1035143,3070,761797,5816,74126,1767,2050178,1243,224031,9476,2044431,1676,417834,15720,2081015
19795791,9616592,4379,7233694,15840,104644,965,19556452,1993,1380548,24866,19283776,5245,2970032,47607,19745289
10042802,4896006,6889,3843745,15042,80098,765,9855612,3797,1102787,22884,9790073,3862,1607835,31818,10146788
756928,388152,2318,313475,3584,98585,2783,740547,930,57451,5025,731354,783,80170,5329,757953
11613423,5683951,3926,4606655,12584,83011,661,11442029,985,746276,18672,11295340,4411,1674415,34580,11614373
3911338,1939555,2785,1465951,6457,78169,928,3830329,1616,532509,11610,3795764,1895,610828,15093,3923561
4028977,1992162,3716,1553205,7348,85527,1146,3991133,495,280263,12258,3952077,2585,607029,22484,4093465
12802503,6262246,3925,4956037,11868,90802,705,12599417,801,801927,17402,12385716,4035,1629995,31848,12784227
1056298,511773,1621,407484,4045,94929,2669,1041268,531,59410,5731,1016343,626,141035,9670,1056426
4896146,2385096,4581,1857768,9376,76253,1019,4801301,2216,523228,14187,4750144,3538,790715,22651,4961119
858469,431540,2030,339437,2931,83560,2190,841363,603,85915,5350,829644,1156,114071,7467,865454
6600299,3214689,5166,2530260,10743,77498,1040,6496300,2363,667417,19481,6440381,3291,1077900,30450,6651194
27469114,13625413,9367,9421412,21122,89670,672,26990435,4141,4615225,54614,26846203,6615,4255517,65900,27862596
2995919,1506383,2521,930980,5092,88958,1426,2971003,686,311341,13589,2947861,2168,331854,15217,3051217
626042,308552,1074,254865,3016,91719,2593,620107,172,23676,2318,600659,867,61314,5009,624594
8382993,4126326,5923,3106895,11857,105386,969,8162517,4887,746293,22527,8131328,3187,909346,25335,8411808
7170351,3585221,4421,2728573,8477,99545,1204,7066812,2751,467967,12507,7036725,3798,857801,23751,7288000
1844128,908559,2519,734536,5346,67341,1285,1815505,361,108082,6419,1793096,1902,321583,14177,1831102
5771337,2868297,3334,2319538,7046,86652,794,5698995,715,322616,9613,5620223,2582,677964,19332,5778709
586107,295102,2375,228937,3666,87755,2585,576557,733,66494,5552,572319,727,63425,7239,585501
3474182,1657467,3618,1221851,9077,34769,901,3447794,522,196706,9254,3443611,865,1586285,22921,3411307
4863300,2356052,5269,1852518,12189,78413,1195,4782529,1623,434973,14219,4741329,2442,810231,23417,4874747
741894,390573,2254,248468,2841,103554,2617,718419,1649,100628,6290,723968,1193,71566,6534,739795
6931071,3444228,2680,2519052,11479,85227,1130,6824645,1497,681238,21010,6771098,3965,1107464,27786,7016270
2988248,1468782,4455,1142718,7341,73091,1098,2934272,895,231775,12289,2898630,2550,499225,17721,3004279
39250017,19491231,4158,12944178,15703,108073,571,38763815,5125,2843903,40593,38513258,8112,5525524,66544,39536653
5540545,2790701,3484,2108992,7767,104274,1291,5447760,2796,409743,14338,5420327,2295,598736,17942,5607154
3576452,1745153,1844,1357269,7141,127843,2108,3525154,1010,172214,10800,3469514,1932,339128,14645,3588184
952065,460232,1173,351085,3936,94643,2557,937935,681,53139,4523,926864,1051,108211,8223,961939
681170,323591,455,281241,3152,148208,8228,670985,594,26346,4201,647654,966,120308,9084,693972
20612439,10070860,6755,7573456,23478,84770,667,20294479,4316,2544247,47400,20191342,6143,2973512,48474,20984400
10310371,5018150,8005,3686135,15528,87774,936,10120788,3683,1309573,29878,10040201,4550,1603013,34382,10429379
1428557,718057,1805,455868,4824,108116,1970,1378730,2525,48673,5098,1389442,1866,129569,10361,1427538
1683140,841203,2599,610872,4143,79746,2237,1662867,795,168110,8431,1652592,1607,237445,15728,1716943
12801539,6289724,4413,4822046,12932,100978,844,12620388,1326,816602,19833,12502057,3937,1621508,35297,12802023
6633053,3267337,5176,2533270,10440,82886,900,6534914,919,530363,16938,6432804,3045,906077,22930,6666818
3134693,1556668,2984,1247932,7106,88997,1297,3091437,506,131612,7626,3031338,2083,356378,12582,3145711
2907289,1448853,4227,1110407,6778,89261,1119,2850862,1447,248974,8897,2825864,1863,342544,14393,2913123
4436974,2179814,4640,1717706,9131,77077,1037,4354380,1440,223350,9568,4298953,3416,794060,24195,4454189
4681666,2291880,4966,1720801,8997,78660,1278,4577182,1950,469832,17233,4546017,4194,918187,25851,4684333
1331479,650702,1923,531660,5774,83973,1847,1317148,565,105973,6588,1295971,1363,161749,10063,1335907
6016447,2917773,2890,2194657,9484,119462,1177,5918535,2341,363179,15850,5875026,3123,567715,17097,6052177
6811779,3305817,2430,2579398,8290,122310,1247,6736017,1301,171059,10434,6574249,2698,686597,20435,6859819
9928300,4883220,3044,3884153,13696,87436,686,9818099,823,526990,13966,9702321,3906,1451936,23392,9962311
5519952,2747946,3202,2148725,7378,104507,1185,5462438,681,224946,9838,5396363,2285,533276,15913,5576606
2988726,1440934,5584,1091245,8803,69954,1289,2924168,1457,346181,12277,2892894,2014,602768,21320,2984100
6093000,2994651,4432,2372190,10844,84680,1061,5977199,1793,531923,14293,5911040,3431,826954,22623,6113532
1042520,526023,2537,416125,4426,85935,2533,1027510,634,83416,5613,1018105,1144,135638,7800,1050493
1907116,950124,2703,747562,4452,91006,1570,1877654,1048,160563,9069,1851069,1911,211453,10293,1920076
2940058,1473153,2014,1055158,6433,84294,1562,2905767,1083,330418,13329,2896888,3250,399420,18626,2998039
1334795,664722,1972,520643,5191,107498,2150,1316467,851,77677,5824,1292255,1106,94289,7685,1342795
8944469,4370211,2131,3194519,10274,123820,1070,8837578,1301,704970,18842,8769487,3021,915913,28791,9005644
2081015,1030224,3062,758364,6296,75682,1910,2046001,1490,187689,10467,2039449,1699,404463,15353,2088070
19745289,9582050,4460,7209054,17665,109325,848,19505596,2238,1182694,26368,19230198,5205,2832824,38578,19849399
10146788,4933381,6593,3882423,16063,83110,935,9957830,4137,1038399,21012,9886033,3818,1521880,32197,10273419
757953,390181,2294,315134,3356,96337,2834,741486,1317,52138,4753,731759,1407,78464,6184,755393
11614373,5691600,5306,4624669,14929,85971,764,11439848,1446,643728,17556,11287401,5000,1645382,32693,11658609
3923561,1943273,2726,1469342,7193,79317,1036,3845697,1477,529658,12674,3809431,1956,620377,15205,3930864
4093465,2026038,3925,1571678,6691,91056,1204,4054353,734,252766,10000,4016520,2426,536146,18071,4142776
12784227,6262870,4620,4937771,13721,93966,647,12579422,1164,708477,20901,12368256,3787,1592045,30765,12805537
1056426,511358,1550,408239,4139,98328,2922,1040259,649,44966,4753,1015892,798,129932,9143,1059639
4961119,2405343,4669,1877887,10574,80819,1262,4861188,2481,485906,13757,4820419,2587,735960,23271,5024369
865454,435668,1995,334003,3659,85597,2725,848774,457,74218,4469,837292,989,110962,6706,869666
6651194,3247058,5229,2556332,11690,80669,948,6546914,2577,592310,15675,6489032,3408,1023177,25829,6715984
27862596,13830953,9002,9535612,20125,91361,535,27386023,4419,4545380,55376,27236443,6495,4261337,60018,28304596
3051217,1538145,2539,943147,4975,92548,1414,3024767,1289,264807,11807,3004148,2144,306902,15189,3101833
624594,307874,1372,254851,2815,92503,2938,618622,345,22994,2434,600077,990,71329,5685,623657
8411808,4135485,5825,3120692,13161,110321,1002,8199576,4534,714884,21273,8158241,3830,896440,28235,8470020
7288000,3639726,3669,2768076,8506,105101,1208,7184110,3147,428092,14567,7156306,2413,805691,22400,7405743
1831102,900913,3026,722125,5656,71880,1493,1802572,374,95882,6169,1779919,1541,319063,13661,1815857
5778709,2872921,3718,2326998,7745,90361,905,5706681,824,300206,9992,5628565,2951,661565,19715,5795483
585501,298205,2006,223619,4088,88958,3063,576027,635,66513,5910,571169,936,64663,5547,579315
3411307,1625567,3242,1208438,9900,35235,850,3384148,818,208181,10502,3379483,1634,1469382,26573,3337177
4874747,2359896,5397,1841665,12421,79810,1098,4793512,2005,448926,16295,4752560,2493,802656,24897,4887871
739795,385776,2177,250741,3074,104901,3339,716178,2175,97796,6010,720472,1555,80012,7303,737438
7016270,3487722,3229,2552972,11005,89647,891,6908121,2138,694790,20212,6856067,3981,1018935,28419,7171646
3004279,1479682,4363,1153082,8560,76134,1261,2949305,1321,231802,10148,2916321,2511,478365,17030,3013825
39536653,19650051,4631,13005097,17539,113488,642,39046835,5485,2796589,34155,38793027,8845,5160208,71947,39557045
5607154,2820169,3314,2139207,8774,109022,1369,5514070,3163,414077,13107,5483104,3121,564312,17223,5695564
3588184,1750647,2313,1356762,6513,129913,2323,3536522,1187,193796,11947,3482584,1446,334128,18741,3572665
961939,465510,1455,357937,4266,101186,3321,947259,967,51243,5335,934947,1486,126986,9341,967171
693972,329078,543,281475,3302,155436,6125,683808,611,26011,4044,660642,544,109920,7135,702455
20984400,10254267,6257,7689964,22835,88588,675,20678704,3256,2676147,42715,20569920,5871,2889506,57828,21299325
10429379,5070721,7009,3745074,16431,91908,902,10241594,3158,1375176,29378,10154747,5504,1517702,49244,10519475
1427538,716350,1229,458078,4221,111297,2171,1373202,2427,52827,4819,1388550,1566,132549,8537,1420491
1716943,862720,2562,625135,5980,82950,2352,1695273,1260,172013,8725,1686491,1808,216309,12513,1754208
12802023,6294900,4043,4808672,14430,105077,719,12620126,1888,859257,23449,12503720,3612,1569753,35647,12741080
6666818,3286152,4731,2557299,10669,85034,954,6568434,898,536399,17726,6463636,3761,871247,27337,6691878
3145711,1562265,3423,1257505,6773,91680,1305,3102179,690,146017,7768,3044685,1941,326636,11546,3156145
2913123,1452573,3593,1128983,6821,91517,1402,2855454,1638,249392,10709,2827376,2621,336487,14398,2911510
4454189,2194850,3942,1725034,10346,80079,1027,4370940,1538,235227,12398,4316917,3015,744239,20861,4468402
4684333,2289695,5223,1737123,11255,79996,1129,4580258,1767,382649,13089,4553037,2611,899039,27219,4659978
1335907,654763,1582,540959,6050,89287,2232,1321649,577,107067,6271,1301216,1023,144012,7961,1338404
6052177,2935822,3231,2207343,8135,123678,1277,5957871,2105,365597,14876,5915309,2385,549171,21371,6042718
6859819,3333270,2435,2604954,9148,127223,1385,6785622,1021,189801,9570,6622444,3515,692201,22499,6902149
9962311,4907242,3801,3930017,12926,90138,716,9853156,970,509539,14890,9730205,4206,1377766,28586,9995915
5576606,2780714,3477,2162211,7968,109540,1140,5519199,675,242509,10683,5450582,2783,517476,15252,5611179
2984100,1446473,5342,1091980,9693,71819,1429,2920808,1463,351754,14730,2889851,1968,571219,15607,2986530
6113532,3002694,5152,2385135,13054,87144,954,6000326,1538,548271,16930,5928516,4473,795732,21880,6126452
1050493,526357,2053,423091,4068,86122,2618,1036245,559,87709,5597,1024513,1940,127777,8406,1062305
1920076,959273,2628,754490,4583,92849,1644,1891453,931,156784,7400,1865038,1585,200909,11487,1929268
2998039,1506252,2138,1094613,6821,89666,1600,2962236,1424,332624,13150,2954279,2075,384120,18511,3034392
1342795,665741,2040,528700,4349,111903,2408,1325016,952,77059,5460,1298898,1427,99966,7412,1356458
9005644,4396848,2405,3218798,8951,128266,1096,8902432,1561,688068,17450,8831200,2566,882673,28071,8908520
2088070,1034144,3903,767705,6614,76126,1647,2054301,1433,186996,11840,2044187,1832,401755,16280,2095428
19849399,9637896,4655,7304332,18884,113760,1088,19608066,2106,1112942,26717,19337685,4757,2722257,47366,19542209
10273419,4998538,6368,3955069,14774,88118,795,10070781,3392,1075983,24107,10009042,3839,1471339,35219,10383620
755393,388300,1955,316306,3300,100402,2989,738177,1431,55582,4725,729355,1188,75279,5405,760077
11658609,5709254,5453,4667192,13650,88326,775,11485078,1447,686014,22201,11330762,4496,1582931,31003,11689442
3930864,1948986,3727,1470364,5913,80270,1039,3851302,1847,545483,11559,3814990,2186,603864,16323,3943079
4142776,2054016,3867,1603635,8695,94331,1296,4102901,1020,280816,12133,4064467,2475,537974,19115,4190713
12805537,6272521,3801,5008751,12653,98834,694,12602472,1128,692203,21008,12398112,4585,1548720,31552,12807060
1059639,513198,1829,408748,4427,104534,2793,1044111,858,48190,4466,1018556,943,118367,9887,1057315
5024369,2436902,5724,1905100,10277,83365,1272,4928260,2320,541533,16810,4882720,2812,751907,19900,5084127
869666,438429,2741,344260,3147,88962,2523,851826,955,77338,4822,838991,1814,109099,6423,882235
6715984,3272135,5451,2588655,10916,85424,1219,6612552,2386,629142,18999,6555389,3060,980284,25177,6770010
28304596,14062701,9000,9623874,22217,94376,563,27836924,4153,4816968,48225,27676343,7676,4076905,62508,28701845
3101833,1563433,2805,975448,5045,96840,1710,3076318,925,281753,12306,3052633,2684,296557,16717,3161105
623657,307810,1172,256629,3631,93647,2956,617556,273,28111,2741,599862,654,67841,5946,626299
8470020,4163754,5887,3120880,13665,113234,1181,8256810,4827,729179,21272,8221024,3096,874483,27673,8517685
7405743,3698615,3278,2840377,11168,110005,1092,7299812,2782,446106,15064,7273713,3235,802159,24114,7535591
1815857,897166,3107,715308,7000,71551,1537,1787126,719,108889,7091,1762467,2041,336301,14216,1805832
5795483,2880454,3795,2350293,7563,93538,972,5723963,784,309404,10822,5645194,2570,639564,18029,5813568
579315,295779,2452,225796,3968,90001,3561,568891,1060,69715,6810,565242,890,64054,6154,577737
3337177,1591997,4788,1191305,10722,35244,979,3309977,1047,227523,12360,3306715,1129,1468798,31819,3195153
4887871,2369271,5051,1855184,11821,82884,1100,4810094,1546,481259,15092,4763828,2786,800422,20616,4903185
737438,382952,1441,254551,3266,109619,3025,713033,1423,90128,6215,720869,846,78620,7217,731545
7171646,3565129,2355,2614298,11305,92154,1142,7064799,2070,749977,23819,7013444,3179,983499,28300,7278717
3013825,1476680,3794,1156347,7393,79300,1676,2960503,988,243585,9591,2925448,2347,504504,19795,3017804
39557045,19673553,5449,13072122,21485,119820,592,39062465,5627,2825620,42668,38818454,7167,4969326,62249,39512223
5695564,2864761,4727,2176757,7548,114334,1397,5604105,2082,421644,17082,5577020,2234,537492,18885,5758736
3572665,1740533,2353,1378091,6923,135132,2129,3523842,1078,186923,10844,3468263,1416,361377,14037,3565287
967171,467924,1358,367671,3933,99558,2852,952211,1135,53962,6377,940786,1409,117242,9236,973764
702455,334208,1421,287476,2752,165174,6305,692817,606,21897,3219,669031,717,108055,8920,705749
21299325,10404676,7415,7809358,20825,93126,786,20996007,3241,2728485,40133,20882651,6372,2840977,47549,21477737
10519475,5120290,6576,3803012,14400,96467,1164,10334958,2874,1411183,29083,10238658,5792,1468642,34068,10617423
1420491,710702,1375,455309,4541,117062,2896,1368549,2598,55799,5028,1382448,1809,122143,8890,1415872
1754208,882158,3559,640270,5214,85210,2244,1733484,857,192620,11139,1723154,1641,203264,12603,1787065
12741080,6266062,4378,4864864,12677,109310,806,12563908,1621,874608,22182,12447271,3849,1509247,32779,12671821
6691878,3295973,5458,2599169,10447,87828,1095,6592504,1089,545123,18662,6489261,4578,852638,24677,6732219
3156145,1564888,3527,1267873,7772,93160,1233,3113029,531,147039,8738,3055939,1516,343504,13910,3155070
2911510,1449745,3481,1133408,7193,95478,1545,2854774,1728,250355,10268,2825680,2043,338175,14157,2913314
4468402,2199021,4805,1732713,8718,81782,1334,4388204,1183,247641,11238,4326305,3844,730408,22182,4467673
4659978,2276530,6576,1737220,10627,83031,1295,4556078,1982,363362,13456,4529028,2896,843626,23603,4648794
1338404,655734,2071,570307,5261,89437,1651,1323289,517,106187,6436,1301941,1553,151541,7765,1344212
6042718,2930350,3655,2215935,9432,128918,1433,5943064,2569,356708,14816,5899819,3071,528203,21054,6045680
6902149,3350887,2830,2624294,8879,134463,1312,6830796,760,188907,11175,6665083,2673,663918,20551,6892503
9995915,4926816,3192,3957466,12369,93320,782,9888529,864,534551,14231,9774124,3126,1373349,26495,9986857
5611179,2793980,3564,2194452,6925,112398,1114,5553564,740,244379,9542,5488344,2504,529077,16528,5639632
2986530,1446829,5311,1108630,9460,73550,1422,2919673,1311,354151,11627,2886448,1942,567645,18752,2976149
6126452,3003165,4798,2434806,10407,89955,1002,6014742,1422,566327,17546,5943658,3566,786330,21180,6137428
1062305,534782,2521,431421,4444,88561,2528,1047075,795,86029,5338,1037462,1216,135114,8427,1068778
1929268,961213,2773,765490,3878,95522,1662,1900165,832,157612,7596,1875342,1788,206341,9787,1934408
3034392,1522374,2263,1129810,6479,93915,1875,2998585,1702,336191,12913,2991978,2471,387327,14864,3080156
1356458,669442,2055,531212,5670,117181,2622,1339549,562,77011,4779,1312006,1622,100220,6538,1359711
8908520,4350386,2964,3249567,9867,135042,1331,8803988,1605,655000,21066,8739304,2908,832133,26316,8882190
2095428,1039641,3109,794093,5137,79184,2000,2060718,1535,196250,11540,2051759,2065,399456,16659,2096829
19542209,9491313,4958,7367015,16617,118065,996,19302636,2649,1041233,24198,19037564,4341,2591391,46405,19453561
10383620,5052244,6939,4011462,16617,91208,916,10183721,3716,1092046,24592,10100431,4443,1417873,35989,10488084
760077,391222,2449,319355,4442,104400,3748,743793,1039,53935,4291,736671,693,78676,5987,762062
11689442,5732095,5513,4685447,12486,91796,718,11517226,1419,743905,20391,11362304,4398,1578673,37243,11689100
3943079,1950076,3761,1485310,6108,83981,1231,3861581,1714,548316,13067,3825027,2627,596949,16807,3956971
4190713,2079943,3191,1639970,6988,100844,1370,4151076,824,293107,12582,4113142,3089,516570,19440,4217737
12807060,6271620,4457,5070931,12151,100919,753,12604311,1036,699376,16537,12394000,4366,1517870,30308,12801989
1057315,515900,1724,406573,4965,105679,3067,1041309,1059,42481,5100,1016469,1124,131205,9492,1059361
5084127,2468707,5672,1927991,12233,86121,1350,4990240,2332,522459,18516,4944754,2221,755215,23160,5148714
882235,445271,2679,345449,3406,90012,3218,864598,699,84707,5276,852419,1438,111626,6667,884659
6770010,3302191,5463,2603140,11640,86674,1206,6667784,1852,674865,20743,6603013,4007,1011016,27948,6829174
28701845,14250184,8510,9776083,21679,98400,614,28243191,4197,5002893,59840,28074573,7348,4180675,65525,28995881
3161105,1592457,2658,998891,5079,101654,1422,3135573,903,295364,16878,3110944,2668,280773,15853,3205958
626299,308118,1251,261373,3502,97098,3713,620066,406,24988,2911,601261,637,66013,5347,623989
8517685,4190738,6416,3175524,13138,118509,1342,8301038,4855,731469,21272,8264095,3584,884647,27692,8535519
7535591,3766859,3942,2895575,9139,114679,1133,7427599,3185,477284,15161,7400557,3213,759013,23800,7614893
1805832,894657,2941,734703,6052,74688,1513,1776965,393,114106,7970,1753476,2196,312188,15244,1792147
5813568,2891282,3345,2371960,6714,96441,1092,5740669,1241,313158,10839,5665153,2578,625826,17423,5822434
577737,292619,2316,230252,3746,98769,4482,567008,846,59337,4901,563374,898,62301,6775,578759
3195153,1520415,3192,1179637,9819,36583,885,3171580,573,202914,11156,3165711,1397,1363666,23647,3193694
4903185,2369611,5813,1897576,10370,85630,1111,4822514,2254,468901,13321,4781688,3063,739108,24870,4893186
731545,380433,2130,252199,3658,115639,4770,705772,2037,86187,5742,713725,1271,71938,7880,736990
7278717,3620935,2892,2670441,12014,97314,1115,7165904,2678,808643,23247,7116266,3597,958442,33279,7174064
3017804,1474705,4896,1163647,8530,81640,1579,2962596,1558,270970,12357,2929117,2439,474739,16707,3011873
39512223,19640794,6786,13157873,23844,126354,636,38997581,6171,3001997,41677,38733295,9821,4552837,67995,39346023
5758736,2904955,4852,2235103,10026,121598,1354,5664199,2865,453475,16612,5637904,2914,526979,20810,5684926
3565287,1743777,2405,1377166,6712,140129,2318,3514562,1468,207184,11125,3460446,2429,347149,13761,3570549
973764,470288,1336,376239,3536,109065,3676,956378,1518,62770,6080,944955,1977,106383,10953,967679
705749,334355,513,291570,3959,175610,6684,696599,606,24506,4421,673041,570,90534,8570,701974
21477737,10498005,7711,7905832,23042,97822,648,21156770,4768,2784348,44556,21048884,6008,2664772,55731,21216924
10617423,5170126,8608,3852714,14425,101205,1271,10420412,3759,1397823,31016,10332523,4968,1373909,35565,10516579
1415872,707855,1848,465299,5012,118900,2772,1358715,2695,56479,5194,1379078,1654,128722,11476,1420074
1787065,898044,3290,655859,5316,92041,1994,1764911,1043,191195,9554,1753946,2128,195984,13818,1754367
12671821,6217305,5143,4866006,12627,115529,1023,12488377,2547,923291,24872,12373209,4984,1420542,37778,12716164
6732219,3319907,5799,2597765,12716,94579,1150,6631529,1184,578436,18844,6517430,5728,775823,24457,6696893
3155070,1570384,4938,1287221,6606,97137,1464,3111914,664,156062,9889,3058938,2317,341613,16006,3150011
2913314,1446287,3677,1138329,6595,99431,1656,2851831,2523,262392,10983,2826818,2181,323189,13737,2912619
4467673,2198205,4556,1748732,8789,85541,1178,4384896,1584,282563,13521,4326675,3335,703627,22815,4461952
4648794,2268202,5764,1741076,11011,86582,1289,4539690,2739,404253,13527,4515876,2937,857894,28695,4664616
1344212,656330,2255,573618,4999,95631,2517,1327623,956,106537,6905,1304100,1939,141803,9329,1340825
6045680,2928013,3800,2226767,9709,134975,1473,5945846,2328,356831,15105,5898360,4973,532241,20417,6037624
6892503,3345556,2975,2650680,9065,141098,1699,6820969,1160,204079,10474,6656430,3580,625763,19408,6873003
9986857,4915905,4462,3969880,12901,97243,854,9879486,1274,571140,17544,9772151,3221,1269062,30302,9973907
5639632,2804216,3601,2222568,7740,117331,1235,5580828,759,272612,13106,5515416,3267,494683,17961,5600166
2976149,1434957,6365,1100229,9887,77752,1726,2904609,2077,376872,15052,2877843,2543,564192,24018,2981835
6137428,3008169,5283,2458337,10406,94190,1173,6020665,2166,603702,18619,5953025,3642,770175,23258,6124160
1068778,537170,2159,437651,4637,93962,3154,1053646,851,87141,5669,1042682,1320,131882,8022,1061705
1934408,966650,2645,771444,4475,99250,1724,1904211,1300,157923,7846,1877629,2210,185761,9589,1923826
3080156,1544779,2632,1143557,8281,100842,2063,3043419,1941,347631,13887,3037199,2456,379564,19019,3030281
1359711,672960,2157,541396,5389,121093,2716,1343337,756,84024,7524,1316495,2112,95711,7285,1355244
8882190,4342591,3793,3286264,9466,140098,1300,8775976,1983,692341,19188,8712974,3246,798262,25821,8885418
2096829,1036708,3586,793420,7074,82430,1870,2058918,1889,205156,11524,2053305,2388,373230,15038,2097021
19453561,9450810,4777,7446812,13820,126612,1155,19212803,2719,1006528,19834,18932499,7626,2467006,45734,19514849
10488084,5094327,7768,4046348,15467,95431,937,10281062,4093,1157280,26006,10199239,5394,1386122,34891,10386227
762062,388339,2147,323519,3879,107692,3737,744172,1649,51324,4963,738814,672,78112,6057,760394
11689100,5732207,6085,4730340,12955,96410,931,11514951,1996,757762,22301,11362386,4412,1484862,31837,11675275
3956971,1962477,3770,1495151,7032,89487,1304,3871658,2168,552835,13538,3841763,2141,583029,15382,3949342
4217737,2089676,4292,1649352,8550,104266,1628,4175002,1934,299420,13452,4136542,3140,470643,17376,4176346
12801989,6272527,4267,5119249,11502,105887,907,12593136,2228,726448,21527,12387178,4860,1489333,38199,12794885
1059361,517221,1791,407174,4739,114264,3431,1043753,834,42720,5959,1018586,1047,110244,9715,1057798
5148714,2485001,6337,1975915,11292,92541,1480,5048513,3456,547666,16718,5003235,3802,692744,27058,5091517
884659,449458,2743,353799,3905,93738,2318,867305,718,88337,6034,854648,1432,101946,8090,879336
6829174,3329115,5649,2654737,12964,92930,1109,6719315,2809,681647,20293,6656385,3422,922176,25901,6772268
28995881,14385762,10844,9985126,25440,103203,793,28514428,5539,5233960,66634,28361423,8554,3865010,70183,28635442
3205958,1610671,2824,1023855,5773,107443,1857,3178394,1835,306856,16028,3157996,2043,281279,15513,3151239
623989,309164,1483,262767,3459,102634,3571,618064,329,27741,2906,599030,710,60897,4517,624340
8535519,4201799,7762,3191847,12998,123432,1491,8303671,6301,658286,21979,8279357,4204,822775,24460,8509358
7614893,3807572,4284,2932477,11062,122737,1259,7497453,3993,496047,18913,7470152,4462,730240,26102,7512465
1792147,885861,3559,728175,7273,78001,1826,1762052,1241,117644,7804,1739050,2527,278734,14047,1807426
5822434,2892804,3518,2386623,7340,100954,1113,5751404,1109,328654,12003,5675557,3164,591486,18294,5806975
578759,296005,2436,233128,3322,97241,4038,568859,919,70053,7237,563528,1747,56945,5626,581348
3193694,1515994,3217,1170982,9101,38273,1031,3169528,931,246065,11791,3167190,936,1376809,24017,3255642
4893186,2365734,1090,1888504,5749,86610,677,4813429,1038,455545,8039,4771614,1397,762642,11016,5039877
736990,384653,448,255173,1326,112443,1512,711104,874,89765,2897,719445,500,74369,3007,732673
7174064,3564979,458,2643430,6290,97003,632,7065326,1073,747778,10488,7012999,3053,990528,12842,7276316
3011873,1478511,1045,1170544,4411,82767,937,2957271,617,245980,6368,2923585,981,470190,8038,3025891
39346023,19562882,1263,13103114,18542,124332,420,38838726,2943,2806173,25337,38589882,3672,4853434,39919,39237836
5684926,2862153,1020,2137402,4703,119073,762,5588760,1549,436261,8774,5563823,1118,544232,9500,5812069
3570549,1741688,351,1385437,3268,139506,1149,3520172,636,179066,5209,3466935,787,339156,7695,3605597
967679,467720,160,370953,1823,107809,1562,951930,591,55571,2589,941266,610,107641,4332,1003384
701974,333137,82,288307,1319,173874,3283,692059,308,25288,2216,669089,488,103391,3390,670050
21216924,10374594,1559,7931313,23200,96492,477,20897188,2259,2646931,30747,20793628,2956,2772939,26520,21781128
10516579,5113936,1996,3830264,8096,99832,621,10321846,1943,1345294,18300,10238369,2300,1461572,17326,10799566
1420074,712250,139,467932,1883,120352,1396,1365172,1146,52807,2060,1381577,840,127971,4297,1441553
1754367,879763,828,649299,2233,90514,1202,1732106,482,179490,4958,1722972,837,205676,5392,1900923
12716164,6247083,1174,4884061,8585,113734,540,12536614,809,854433,11628,12418504,2377,1488670,18242,12671469
6696893,3300350,1169,2602770,6793,91731,512,6597701,479,528176,8136,6491632,2169,838149,12468,6805985
3150011,1564436,886,1273941,4037,97161,746,3106492,378,145633,4397,3051284,1014,339090,6616,3193079
2912619,1451919,981,1141985,4096,99062,646,2853649,983,249223,4852,2828498,997,323644,6562,2934582
4461952,2196522,1182,1748053,5379,85749,645,4379339,598,246078,6514,4322881,1527,717895,10991,4509394
4664616,2276932,1257,1751956,5502,88371,849,4556953,1047,395259,7262,4532187,1504,845230,12732,4624047
1340825,656628,454,569551,2285,94310,1087,1325025,382,101045,3461,1304038,705,144384,3764,1372247
6037624,2925644,681,2230527,4131,133817,838,5938200,1496,352186,7399,5894835,1643,531553,8805,6165129
6873003,3335992,464,2646980,4188,139154,876,6800682,668,185687,5381,6637329,1307,653454,10187,6984723
9973907,4911965,885,3980408,8401,97175,425,9866076,502,528400,8532,9753541,1875,1337256,14613,10050811
5600166,2789017,793,2207988,5616,116714,559,5541421,533,251900,5439,5476956,1148,511185,6996,5707390
2981835,1443708,1654,1116649,4463,77072,658,2912057,891,350002,6362,2883074,1037,564439,10503,2949965
6124160,3004001,1341,2440212,6698,93919,637,6011968,1108,565099,9759,5942813,1800,772992,11899,6168187
1061705,534128,667,436048,1975,94034,1358,1046670,364,87857,3046,1036490,671,132476,3658,1104271
1923826,959677,778,766663,2410,99693,945,1894327,488,154287,3744,1869467,825,193820,4792,1963692
3030281,1520196,595,1130011,2777,96532,873,2993632,766,334130,6374,2987817,1191,381695,8350,3143991
1355244,671802,432,539116,1981,120331,1248,1338372,415,80071,3185,1312770,746,97418,3403,1388992
8885418,4341123,523,3272054,6029,138130,706,8780160,884,662917,11714,8713792,1637,842704,14941,9267130
2097021,1038007,665,792755,2457,82405,875,2060539,835,194896,5164,2053909,876,381026,7765,2115877
19514849,9474184,1036,7417224,12559,123221,600,19276809,1029,1037271,13785,19009098,2667,2581048,26021,19835913
10386227,5052667,1415,4031592,8480,94483,544,10178084,2246,1084103,16193,10098330,2221,1411939,17543,10551162
760394,389284,655,320873,1737,106573,1616,743105,570,53835,2184,735842,474,77491,2645,774948
11675275,5721796,1248,4717226,9371,95193,417,11501751,710,708532,12028,11350378,2174,1546011,18637,11780017
3949342,1956617,692,1493569,3009,88048,721,3867023,928,556644,6876,3833712,1166,585520,8015,3986639
4176346,2070627,960,1642579,3451,103600,779,4135531,627,274414,6385,4096744,1877,506558,10177,4246155
12794885,6269142,824,5106601,8064,105058,451,12590644,819,705891,10505,12387061,1951,1480430,18271,12964056
1057798,514524,353,414730,1881,111700,1774,1041644,449,44575,2046,1017028,481,117785,4786,1095610
5091517,2468682,1216,1961481,5748,90694,704,4990992,1497,518723,9419,4950181,1624,726470,11777,5190705
879336,442948,748,347878,1737,94036,1308,861933,322,82407,2739,849910,514,108863,3307,895376
6772268,3304462,1721,2639455,6788,91215,619,6664134,1155,649312,10367,6603468,1764,965213,13412,6975218
28635442,14221720,2292,9906070,18881,102456,425,28169961,2333,4877069,45246,28013446,3263,3984260,39546,29527941
3151239,1586950,587,1003345,2384,105348,781,3124563,550,280433,6892,3102049,1254,283360,7183,3337975
624340,308441,331,262852,1220,102413,1622,618184,190,25031,1106,599938,300,64700,2292,645570
8509358,4186543,1645,3184121,7450,123883,709,8282997,2553,681362,12919,8255575,1852,826708,14162,8642274
7512465,3759007,731,2905822,5585,120270,681,7397932,1687,458228,8491,7372433,1681,751044,12849,7738692
1807426,893743,742,734235,2810,78106,840,1778080,458,109844,3455,1755591,906,300152,6818,1782959
5806975,2889783,904,2377935,5709,100128,532,5735703,396,312704,6171,5659485,1207,620947,8262,5895908
581348,296280,695,233231,1535,98307,1977,571005,477,65297,2954,566858,468,61006,3007,578803
3255642,1546590,546,1205749,3649,37911,380,3230810,452,219775,4033,3227457,640,1400958,10574,3263584
